{
    "accuracy": 0.6318181818181818,
    "f1_macro": 0.4795007032348804,
    "f1_micro": 0.6318181818181818,
    "precision_macro": 0.5565511545554311,
    "recall_macro": 0.4755591681907472
}