{
    "accuracy": 0.6409090909090909,
    "f1_macro": 0.472247998075403,
    "f1_micro": 0.6409090909090909,
    "precision_macro": 0.5614523614523614,
    "recall_macro": 0.4740689561742193
}