{
    "accuracy": 0.6227272727272727,
    "f1_macro": 0.4430832202946146,
    "f1_micro": 0.6227272727272727,
    "precision_macro": 0.5164021164021164,
    "recall_macro": 0.44922034816771655
}